{
    "3Gbps": [
        278.577,
        1327.047333,
        15931.06233
    ],
    "1Gbps": [
        296.624,
        1407.683,
        15872.735
    ],
    "200Mbps": [
        783.699,
        1781.264,
        16465.357
    ],
    "100Mbps": [
        1300.127,
        2288.977,
        16715.297
    ],
    "Communication": [
        31953.125,
        38328.125,
        38703.125
    ]
}